Product Name,Rating,Customers_Rated,Price,URL
Men's Wonder-13 Sports Running Shoes…,3.9 out of 5 stars,96946,595.0,https://www.amazon.in/b?ie=UTF8&node=26142350031&pd_rd_w=R7FS1&content-id=amzn1.sym.c53e2da8-41ee-4791-a941-bd2e6cc1a267:amzn1.sym.c53e2da8-41ee-4791-a941-bd2e6cc1a267&pf_rd_p=c53e2da8-41ee-4791-a941-bd2e6cc1a267&pf_rd_r=W0Z03K93GSXXPTG9GXBB&pd_rd_wg=7IMt1&pd_rd_r=3e901d5b-3d20-4a53-b466-0b4f92b2c615&qid=1713180033&ref_=sxts_spks_0_0_c53e2da8-41ee-4791-a941-bd2e6cc1a267
Men's Wonder-13 Sports Running Shoes…,3.9 out of 5 stars,96946,595.0,https://www.amazon.in/Wonder-Firozi-Sports-Shoes-Indian/dp/B01N66F4CH/ref=sr_1_1?dib=eyJ2IjoiMSJ9.xhpK4VjWT4tWltNrYq_dCPgwSkx7570Bp8kd0XrtMnAYA9ftFZratPLY2IH4VyWn7UxxnzBeRFiT-FMZps6ub0gv4pqzifMzgBjaxFCHC36s884XbmLzCTV8WVwiKPu9FTvhoyc5x4bf3bihNPImD1KtCKxdZVkm2JOgy3h_Eh9mbjs3M8aO994u0sz8c1JBH9DE_kG5I0oR3KoVEeMFTE7l7H4sHG7hTpbfyuRpRtPgKNyL2H1x-Z0HrXEvu71i__ZhOUzzT1LxRrItFZ2jaZOyyxMUTY0fkCSxyZOirkg.tN3NeJ_Uic9FNmDJrgj2HeIUyYbWHgMBOPFMupFLcsc&dib_tag=se&keywords=shoe&qid=1713180033&sr=8-1
Men's MAXICO Running Shoes,3.9 out of 5 stars,26825,699.0,https://www.amazon.in/Campus-Maxico-MODBLU-BLU-Running-Shoes/dp/B0855YNHGN/ref=sr_1_37?dib=eyJ2IjoiMSJ9.xhpK4VjWT4tWltNrYq_dCPgwSkx7570Bp8kd0XrtMnAYA9ftFZratPLY2IH4VyWn7UxxnzBeRFiT-FMZps6ub0gv4pqzifMzgBjaxFCHC36s884XbmLzCTV8WVwiKPu9FTvhoyc5x4bf3bihNPImD1KtCKxdZVkm2JOgy3h_Eh9mbjs3M8aO994u0sz8c1JBH9DE_kG5I0oR3KoVEeMFTE7l7H4sHG7hTpbfyuRpRtPgKNyL2H1x-Z0HrXEvu71i__ZhOUzzT1LxRrItFZ2jaZOyyxMUTY0fkCSxyZOirkg.tN3NeJ_Uic9FNmDJrgj2HeIUyYbWHgMBOPFMupFLcsc&dib_tag=se&keywords=shoe&qid=1713180033&sr=8-37
"Men's Cosko Sports Running,Walking,Gym,Training Sneaker Lace-Up Shoes for Men's & Boy's",3.8 out of 5 stars,25416,724.0,https://www.amazon.in/ASIAN-Cosco-Sports-Running-Shoes/dp/B07NDC5BKN/ref=sr_1_26?dib=eyJ2IjoiMSJ9.xhpK4VjWT4tWltNrYq_dCPgwSkx7570Bp8kd0XrtMnAYA9ftFZratPLY2IH4VyWn7UxxnzBeRFiT-FMZps6ub0gv4pqzifMzgBjaxFCHC36s884XbmLzCTV8WVwiKPu9FTvhoyc5x4bf3bihNPImD1KtCKxdZVkm2JOgy3h_Eh9mbjs3M8aO994u0sz8c1JBH9DE_kG5I0oR3KoVEeMFTE7l7H4sHG7hTpbfyuRpRtPgKNyL2H1x-Z0HrXEvu71i__ZhOUzzT1LxRrItFZ2jaZOyyxMUTY0fkCSxyZOirkg.tN3NeJ_Uic9FNmDJrgj2HeIUyYbWHgMBOPFMupFLcsc&dib_tag=se&keywords=shoe&qid=1713180033&sr=8-26
Men's OXYFIT (N) Walking Shoes,4.1 out of 5 stars,20751,529.0,https://www.amazon.in/Campus-OXYFIT-Walking-Shoes-India/dp/B09RPM4KCG/ref=sr_1_47?dib=eyJ2IjoiMSJ9.xhpK4VjWT4tWltNrYq_dCPgwSkx7570Bp8kd0XrtMnAYA9ftFZratPLY2IH4VyWn7UxxnzBeRFiT-FMZps6ub0gv4pqzifMzgBjaxFCHC36s884XbmLzCTV8WVwiKPu9FTvhoyc5x4bf3bihNPImD1KtCKxdZVkm2JOgy3h_Eh9mbjs3M8aO994u0sz8c1JBH9DE_kG5I0oR3KoVEeMFTE7l7H4sHG7hTpbfyuRpRtPgKNyL2H1x-Z0HrXEvu71i__ZhOUzzT1LxRrItFZ2jaZOyyxMUTY0fkCSxyZOirkg.tN3NeJ_Uic9FNmDJrgj2HeIUyYbWHgMBOPFMupFLcsc&dib_tag=se&keywords=shoe&qid=1713180033&sr=8-47
Men's First Running Shoes,3.9 out of 5 stars,11713,1099.0,https://www.amazon.in/Campus-First-B-ORG-Running-Shoes/dp/B0915DCZDJ/ref=sr_1_17?dib=eyJ2IjoiMSJ9.xhpK4VjWT4tWltNrYq_dCPgwSkx7570Bp8kd0XrtMnAYA9ftFZratPLY2IH4VyWn7UxxnzBeRFiT-FMZps6ub0gv4pqzifMzgBjaxFCHC36s884XbmLzCTV8WVwiKPu9FTvhoyc5x4bf3bihNPImD1KtCKxdZVkm2JOgy3h_Eh9mbjs3M8aO994u0sz8c1JBH9DE_kG5I0oR3KoVEeMFTE7l7H4sHG7hTpbfyuRpRtPgKNyL2H1x-Z0HrXEvu71i__ZhOUzzT1LxRrItFZ2jaZOyyxMUTY0fkCSxyZOirkg.tN3NeJ_Uic9FNmDJrgj2HeIUyYbWHgMBOPFMupFLcsc&dib_tag=se&keywords=shoe&qid=1713180033&sr=8-17
Flash Shoe Badminton Shoes for Men,4.0 out of 5 stars,11628,949.0,https://www.amazon.in/Nivia-Badminton-Synthetic-Leather-Volleyball/dp/B0C2Z412N4/ref=sr_1_36?dib=eyJ2IjoiMSJ9.xhpK4VjWT4tWltNrYq_dCPgwSkx7570Bp8kd0XrtMnAYA9ftFZratPLY2IH4VyWn7UxxnzBeRFiT-FMZps6ub0gv4pqzifMzgBjaxFCHC36s884XbmLzCTV8WVwiKPu9FTvhoyc5x4bf3bihNPImD1KtCKxdZVkm2JOgy3h_Eh9mbjs3M8aO994u0sz8c1JBH9DE_kG5I0oR3KoVEeMFTE7l7H4sHG7hTpbfyuRpRtPgKNyL2H1x-Z0HrXEvu71i__ZhOUzzT1LxRrItFZ2jaZOyyxMUTY0fkCSxyZOirkg.tN3NeJ_Uic9FNmDJrgj2HeIUyYbWHgMBOPFMupFLcsc&dib_tag=se&keywords=shoe&qid=1713180033&sr=8-36
Men's North Plus Running Shoes,3.9 out of 5 stars,10806,1099.0,https://www.amazon.in/Campus-11G-677-Black-North-Running/dp/B08PRXXQB3/ref=sr_1_15?dib=eyJ2IjoiMSJ9.xhpK4VjWT4tWltNrYq_dCPgwSkx7570Bp8kd0XrtMnAYA9ftFZratPLY2IH4VyWn7UxxnzBeRFiT-FMZps6ub0gv4pqzifMzgBjaxFCHC36s884XbmLzCTV8WVwiKPu9FTvhoyc5x4bf3bihNPImD1KtCKxdZVkm2JOgy3h_Eh9mbjs3M8aO994u0sz8c1JBH9DE_kG5I0oR3KoVEeMFTE7l7H4sHG7hTpbfyuRpRtPgKNyL2H1x-Z0HrXEvu71i__ZhOUzzT1LxRrItFZ2jaZOyyxMUTY0fkCSxyZOirkg.tN3NeJ_Uic9FNmDJrgj2HeIUyYbWHgMBOPFMupFLcsc&dib_tag=se&keywords=shoe&qid=1713180033&sr=8-15
Mens Rodeo ProRunning Shoe,3.9 out of 5 stars,9394,644.0,https://www.amazon.in/Campus-Rodeo-PRO-Running-Shoes/dp/B09VH5HG3W/ref=sr_1_40?dib=eyJ2IjoiMSJ9.xhpK4VjWT4tWltNrYq_dCPgwSkx7570Bp8kd0XrtMnAYA9ftFZratPLY2IH4VyWn7UxxnzBeRFiT-FMZps6ub0gv4pqzifMzgBjaxFCHC36s884XbmLzCTV8WVwiKPu9FTvhoyc5x4bf3bihNPImD1KtCKxdZVkm2JOgy3h_Eh9mbjs3M8aO994u0sz8c1JBH9DE_kG5I0oR3KoVEeMFTE7l7H4sHG7hTpbfyuRpRtPgKNyL2H1x-Z0HrXEvu71i__ZhOUzzT1LxRrItFZ2jaZOyyxMUTY0fkCSxyZOirkg.tN3NeJ_Uic9FNmDJrgj2HeIUyYbWHgMBOPFMupFLcsc&dib_tag=se&keywords=shoe&qid=1713180033&sr=8-40
Mens Sx0675gWalking Shoe,4.1 out of 5 stars,8214,827.0,https://www.amazon.in/Sparx-SM-675-Turkey-G-Yellow-SX0675GTBGD0009/dp/B08WJ1WRL7/ref=sr_1_12?dib=eyJ2IjoiMSJ9.xhpK4VjWT4tWltNrYq_dCPgwSkx7570Bp8kd0XrtMnAYA9ftFZratPLY2IH4VyWn7UxxnzBeRFiT-FMZps6ub0gv4pqzifMzgBjaxFCHC36s884XbmLzCTV8WVwiKPu9FTvhoyc5x4bf3bihNPImD1KtCKxdZVkm2JOgy3h_Eh9mbjs3M8aO994u0sz8c1JBH9DE_kG5I0oR3KoVEeMFTE7l7H4sHG7hTpbfyuRpRtPgKNyL2H1x-Z0HrXEvu71i__ZhOUzzT1LxRrItFZ2jaZOyyxMUTY0fkCSxyZOirkg.tN3NeJ_Uic9FNmDJrgj2HeIUyYbWHgMBOPFMupFLcsc&dib_tag=se&keywords=shoe&qid=1713180033&sr=8-12
Casual Sneaker Shoes for Men | Stylish and Comfortable,4.0 out of 5 stars,1085,1119.0,https://www.amazon.in/Red-Tape-Mens-White-Sneakers/dp/B0CG66FPS6/ref=sr_1_2?dib=eyJ2IjoiMSJ9.xhpK4VjWT4tWltNrYq_dCPgwSkx7570Bp8kd0XrtMnAYA9ftFZratPLY2IH4VyWn7UxxnzBeRFiT-FMZps6ub0gv4pqzifMzgBjaxFCHC36s884XbmLzCTV8WVwiKPu9FTvhoyc5x4bf3bihNPImD1KtCKxdZVkm2JOgy3h_Eh9mbjs3M8aO994u0sz8c1JBH9DE_kG5I0oR3KoVEeMFTE7l7H4sHG7hTpbfyuRpRtPgKNyL2H1x-Z0HrXEvu71i__ZhOUzzT1LxRrItFZ2jaZOyyxMUTY0fkCSxyZOirkg.tN3NeJ_Uic9FNmDJrgj2HeIUyYbWHgMBOPFMupFLcsc&dib_tag=se&keywords=shoe&qid=1713180033&sr=8-2
Mens Boss-Grip Uniform Dress Shoe,3.7 out of 5 stars,5441,733.0,https://www.amazon.in/BATA-BOSS-Grip-Brown-Uniform-8216033/dp/B096BGXWKT/ref=sr_1_3?dib=eyJ2IjoiMSJ9.xhpK4VjWT4tWltNrYq_dCPgwSkx7570Bp8kd0XrtMnAYA9ftFZratPLY2IH4VyWn7UxxnzBeRFiT-FMZps6ub0gv4pqzifMzgBjaxFCHC36s884XbmLzCTV8WVwiKPu9FTvhoyc5x4bf3bihNPImD1KtCKxdZVkm2JOgy3h_Eh9mbjs3M8aO994u0sz8c1JBH9DE_kG5I0oR3KoVEeMFTE7l7H4sHG7hTpbfyuRpRtPgKNyL2H1x-Z0HrXEvu71i__ZhOUzzT1LxRrItFZ2jaZOyyxMUTY0fkCSxyZOirkg.tN3NeJ_Uic9FNmDJrgj2HeIUyYbWHgMBOPFMupFLcsc&dib_tag=se&keywords=shoe&qid=1713180033&sr=8-3
Mens Sm 648sports Running Shoes,4.1 out of 5 stars,6511,749.0,https://www.amazon.in/Sparx-SM-648-Orange-Sports-Shoes/dp/B08RNRM22T/ref=sr_1_4?dib=eyJ2IjoiMSJ9.xhpK4VjWT4tWltNrYq_dCPgwSkx7570Bp8kd0XrtMnAYA9ftFZratPLY2IH4VyWn7UxxnzBeRFiT-FMZps6ub0gv4pqzifMzgBjaxFCHC36s884XbmLzCTV8WVwiKPu9FTvhoyc5x4bf3bihNPImD1KtCKxdZVkm2JOgy3h_Eh9mbjs3M8aO994u0sz8c1JBH9DE_kG5I0oR3KoVEeMFTE7l7H4sHG7hTpbfyuRpRtPgKNyL2H1x-Z0HrXEvu71i__ZhOUzzT1LxRrItFZ2jaZOyyxMUTY0fkCSxyZOirkg.tN3NeJ_Uic9FNmDJrgj2HeIUyYbWHgMBOPFMupFLcsc&dib_tag=se&keywords=shoe&qid=1713180033&sr=8-4
Force 10 Sports Shoes for Men,3.7 out of 5 stars,689,588.0,https://www.amazon.in/Liberty-Force-Sports-Shoes-Mens/dp/B0BJ78MDRQ/ref=sr_1_5?dib=eyJ2IjoiMSJ9.xhpK4VjWT4tWltNrYq_dCPgwSkx7570Bp8kd0XrtMnAYA9ftFZratPLY2IH4VyWn7UxxnzBeRFiT-FMZps6ub0gv4pqzifMzgBjaxFCHC36s884XbmLzCTV8WVwiKPu9FTvhoyc5x4bf3bihNPImD1KtCKxdZVkm2JOgy3h_Eh9mbjs3M8aO994u0sz8c1JBH9DE_kG5I0oR3KoVEeMFTE7l7H4sHG7hTpbfyuRpRtPgKNyL2H1x-Z0HrXEvu71i__ZhOUzzT1LxRrItFZ2jaZOyyxMUTY0fkCSxyZOirkg.tN3NeJ_Uic9FNmDJrgj2HeIUyYbWHgMBOPFMupFLcsc&dib_tag=se&keywords=shoe&qid=1713180033&sr=8-5
"Signature Shoes for Men, Sports Shoes for Men, Running Shoes for Men, Men Shoes, Sports Shoes, Walking Shoes for Men, Sport Shoes for Men, Gym Shoes for Men",4.4 out of 5 stars,285,1350.0,https://www.amazon.in/JQR-Sports-Running-Walking-Signature-ASH-Rose-Gry-Z-BLK-G9/dp/B0CLJFKSZ5/ref=sr_1_6?dib=eyJ2IjoiMSJ9.xhpK4VjWT4tWltNrYq_dCPgwSkx7570Bp8kd0XrtMnAYA9ftFZratPLY2IH4VyWn7UxxnzBeRFiT-FMZps6ub0gv4pqzifMzgBjaxFCHC36s884XbmLzCTV8WVwiKPu9FTvhoyc5x4bf3bihNPImD1KtCKxdZVkm2JOgy3h_Eh9mbjs3M8aO994u0sz8c1JBH9DE_kG5I0oR3KoVEeMFTE7l7H4sHG7hTpbfyuRpRtPgKNyL2H1x-Z0HrXEvu71i__ZhOUzzT1LxRrItFZ2jaZOyyxMUTY0fkCSxyZOirkg.tN3NeJ_Uic9FNmDJrgj2HeIUyYbWHgMBOPFMupFLcsc&dib_tag=se&keywords=shoe&qid=1713180033&sr=8-6
Mens Terminator (N) Running Shoes,3.8 out of 5 stars,3142,1264.0,https://www.amazon.in/Campus-Terminator-D-Gry-Running-Shoes/dp/B095T19ZQJ/ref=sr_1_7?dib=eyJ2IjoiMSJ9.xhpK4VjWT4tWltNrYq_dCPgwSkx7570Bp8kd0XrtMnAYA9ftFZratPLY2IH4VyWn7UxxnzBeRFiT-FMZps6ub0gv4pqzifMzgBjaxFCHC36s884XbmLzCTV8WVwiKPu9FTvhoyc5x4bf3bihNPImD1KtCKxdZVkm2JOgy3h_Eh9mbjs3M8aO994u0sz8c1JBH9DE_kG5I0oR3KoVEeMFTE7l7H4sHG7hTpbfyuRpRtPgKNyL2H1x-Z0HrXEvu71i__ZhOUzzT1LxRrItFZ2jaZOyyxMUTY0fkCSxyZOirkg.tN3NeJ_Uic9FNmDJrgj2HeIUyYbWHgMBOPFMupFLcsc&dib_tag=se&keywords=shoe&qid=1713180033&sr=8-7
Birde Men Grey Mesh Sports Running Shoes -BRD-466_8,3.4 out of 5 stars,55,299.0,https://www.amazon.in/Birde-Sports-Running-Shoes-BRD-466_8/dp/B0928Y29N3/ref=sr_1_8?dib=eyJ2IjoiMSJ9.xhpK4VjWT4tWltNrYq_dCPgwSkx7570Bp8kd0XrtMnAYA9ftFZratPLY2IH4VyWn7UxxnzBeRFiT-FMZps6ub0gv4pqzifMzgBjaxFCHC36s884XbmLzCTV8WVwiKPu9FTvhoyc5x4bf3bihNPImD1KtCKxdZVkm2JOgy3h_Eh9mbjs3M8aO994u0sz8c1JBH9DE_kG5I0oR3KoVEeMFTE7l7H4sHG7hTpbfyuRpRtPgKNyL2H1x-Z0HrXEvu71i__ZhOUzzT1LxRrItFZ2jaZOyyxMUTY0fkCSxyZOirkg.tN3NeJ_Uic9FNmDJrgj2HeIUyYbWHgMBOPFMupFLcsc&dib_tag=se&keywords=shoe&qid=1713180033&sr=8-8
Men's Tarzan-11 White Casual Sneaker High-Neck Shoes with Lightweight Extra Cushion Lace-Up Shoes for Men's & Boy's…,3.8 out of 5 stars,916,749.0,https://www.amazon.in/ASIAN-Tarzan-11-Sneaker-High-Neck-Lightweight/dp/B0CD4HYHTC/ref=sr_1_9?dib=eyJ2IjoiMSJ9.xhpK4VjWT4tWltNrYq_dCPgwSkx7570Bp8kd0XrtMnAYA9ftFZratPLY2IH4VyWn7UxxnzBeRFiT-FMZps6ub0gv4pqzifMzgBjaxFCHC36s884XbmLzCTV8WVwiKPu9FTvhoyc5x4bf3bihNPImD1KtCKxdZVkm2JOgy3h_Eh9mbjs3M8aO994u0sz8c1JBH9DE_kG5I0oR3KoVEeMFTE7l7H4sHG7hTpbfyuRpRtPgKNyL2H1x-Z0HrXEvu71i__ZhOUzzT1LxRrItFZ2jaZOyyxMUTY0fkCSxyZOirkg.tN3NeJ_Uic9FNmDJrgj2HeIUyYbWHgMBOPFMupFLcsc&dib_tag=se&keywords=shoe&qid=1713180033&sr=8-9
"Men's Moonwalk-01 Sports Walking,Running & Gym Shoes with Eva Sole Extra Jump Casual Slip-on Shoes for Men's & Boy's…",3.9 out of 5 stars,2774,649.0,https://www.amazon.in/ASIAN-Moonwalk-01-Sports-Running-Walking/dp/B0B8DPDTFM/ref=sr_1_10?dib=eyJ2IjoiMSJ9.xhpK4VjWT4tWltNrYq_dCPgwSkx7570Bp8kd0XrtMnAYA9ftFZratPLY2IH4VyWn7UxxnzBeRFiT-FMZps6ub0gv4pqzifMzgBjaxFCHC36s884XbmLzCTV8WVwiKPu9FTvhoyc5x4bf3bihNPImD1KtCKxdZVkm2JOgy3h_Eh9mbjs3M8aO994u0sz8c1JBH9DE_kG5I0oR3KoVEeMFTE7l7H4sHG7hTpbfyuRpRtPgKNyL2H1x-Z0HrXEvu71i__ZhOUzzT1LxRrItFZ2jaZOyyxMUTY0fkCSxyZOirkg.tN3NeJ_Uic9FNmDJrgj2HeIUyYbWHgMBOPFMupFLcsc&dib_tag=se&keywords=shoe&qid=1713180033&sr=8-10
Mens Ignite ProRunning Shoes,3.9 out of 5 stars,2712,584.0,https://www.amazon.in/Campus-Ignite-PRO-Running-Shoes/dp/B09VH53R5R/ref=sr_1_11?dib=eyJ2IjoiMSJ9.xhpK4VjWT4tWltNrYq_dCPgwSkx7570Bp8kd0XrtMnAYA9ftFZratPLY2IH4VyWn7UxxnzBeRFiT-FMZps6ub0gv4pqzifMzgBjaxFCHC36s884XbmLzCTV8WVwiKPu9FTvhoyc5x4bf3bihNPImD1KtCKxdZVkm2JOgy3h_Eh9mbjs3M8aO994u0sz8c1JBH9DE_kG5I0oR3KoVEeMFTE7l7H4sHG7hTpbfyuRpRtPgKNyL2H1x-Z0HrXEvu71i__ZhOUzzT1LxRrItFZ2jaZOyyxMUTY0fkCSxyZOirkg.tN3NeJ_Uic9FNmDJrgj2HeIUyYbWHgMBOPFMupFLcsc&dib_tag=se&keywords=shoe&qid=1713180033&sr=8-11
Men's Dazzler Sneakers,4.0 out of 5 stars,5342,1523.0,https://www.amazon.in/Puma-Dazzler-Black-Puma-Silver-Sneaker/dp/B09RGJCVW6/ref=sr_1_13?dib=eyJ2IjoiMSJ9.xhpK4VjWT4tWltNrYq_dCPgwSkx7570Bp8kd0XrtMnAYA9ftFZratPLY2IH4VyWn7UxxnzBeRFiT-FMZps6ub0gv4pqzifMzgBjaxFCHC36s884XbmLzCTV8WVwiKPu9FTvhoyc5x4bf3bihNPImD1KtCKxdZVkm2JOgy3h_Eh9mbjs3M8aO994u0sz8c1JBH9DE_kG5I0oR3KoVEeMFTE7l7H4sHG7hTpbfyuRpRtPgKNyL2H1x-Z0HrXEvu71i__ZhOUzzT1LxRrItFZ2jaZOyyxMUTY0fkCSxyZOirkg.tN3NeJ_Uic9FNmDJrgj2HeIUyYbWHgMBOPFMupFLcsc&dib_tag=se&keywords=shoe&qid=1713180033&sr=8-13
"Memory Foam Mens Running Shoe with EVA Sole | Sports,Gym,Training,Walking,Jogging,Casual,School | Lightweight & Comfortable| Sneakers Lace-Up Athletics Loafer Gent's & Boy's D-2003",4.2 out of 5 stars,126,999.0,https://www.amazon.in/DOCTOR-EXTRA-SOFT-Lightweight-D-2003/dp/B0CX2S42S4/ref=sr_1_14?dib=eyJ2IjoiMSJ9.xhpK4VjWT4tWltNrYq_dCPgwSkx7570Bp8kd0XrtMnAYA9ftFZratPLY2IH4VyWn7UxxnzBeRFiT-FMZps6ub0gv4pqzifMzgBjaxFCHC36s884XbmLzCTV8WVwiKPu9FTvhoyc5x4bf3bihNPImD1KtCKxdZVkm2JOgy3h_Eh9mbjs3M8aO994u0sz8c1JBH9DE_kG5I0oR3KoVEeMFTE7l7H4sHG7hTpbfyuRpRtPgKNyL2H1x-Z0HrXEvu71i__ZhOUzzT1LxRrItFZ2jaZOyyxMUTY0fkCSxyZOirkg.tN3NeJ_Uic9FNmDJrgj2HeIUyYbWHgMBOPFMupFLcsc&dib_tag=se&keywords=shoe&qid=1713180033&sr=8-14
"Men's Wonder Sports Running,Walking & Gym Shoes with Casual Sneaker Lightweight Lace-Up Shoes for Men's Delta-20",3.9 out of 5 stars,4331,799.0,https://www.amazon.in/ASIAN-Delta-20-Sports-Running-Walking/dp/B09WLMCYLR/ref=sr_1_16?dib=eyJ2IjoiMSJ9.xhpK4VjWT4tWltNrYq_dCPgwSkx7570Bp8kd0XrtMnAYA9ftFZratPLY2IH4VyWn7UxxnzBeRFiT-FMZps6ub0gv4pqzifMzgBjaxFCHC36s884XbmLzCTV8WVwiKPu9FTvhoyc5x4bf3bihNPImD1KtCKxdZVkm2JOgy3h_Eh9mbjs3M8aO994u0sz8c1JBH9DE_kG5I0oR3KoVEeMFTE7l7H4sHG7hTpbfyuRpRtPgKNyL2H1x-Z0HrXEvu71i__ZhOUzzT1LxRrItFZ2jaZOyyxMUTY0fkCSxyZOirkg.tN3NeJ_Uic9FNmDJrgj2HeIUyYbWHgMBOPFMupFLcsc&dib_tag=se&keywords=shoe&qid=1713180033&sr=8-16
Men's Black Mesh Outdoor Casual Shoes,2.9 out of 5 stars,826,329.0,https://www.amazon.in/AADI-Black-Running-Sport-Shoes/dp/B0845N8X7J/ref=sr_1_18?dib=eyJ2IjoiMSJ9.xhpK4VjWT4tWltNrYq_dCPgwSkx7570Bp8kd0XrtMnAYA9ftFZratPLY2IH4VyWn7UxxnzBeRFiT-FMZps6ub0gv4pqzifMzgBjaxFCHC36s884XbmLzCTV8WVwiKPu9FTvhoyc5x4bf3bihNPImD1KtCKxdZVkm2JOgy3h_Eh9mbjs3M8aO994u0sz8c1JBH9DE_kG5I0oR3KoVEeMFTE7l7H4sHG7hTpbfyuRpRtPgKNyL2H1x-Z0HrXEvu71i__ZhOUzzT1LxRrItFZ2jaZOyyxMUTY0fkCSxyZOirkg.tN3NeJ_Uic9FNmDJrgj2HeIUyYbWHgMBOPFMupFLcsc&dib_tag=se&keywords=shoe&qid=1713180033&sr=8-18
Mens 8621 Formal Shoes,3.7 out of 5 stars,1185,579.0,https://www.amazon.in/Centrino-Black-Mens-Formal-8621-1/dp/B09C8MZN8X/ref=sr_1_19?dib=eyJ2IjoiMSJ9.xhpK4VjWT4tWltNrYq_dCPgwSkx7570Bp8kd0XrtMnAYA9ftFZratPLY2IH4VyWn7UxxnzBeRFiT-FMZps6ub0gv4pqzifMzgBjaxFCHC36s884XbmLzCTV8WVwiKPu9FTvhoyc5x4bf3bihNPImD1KtCKxdZVkm2JOgy3h_Eh9mbjs3M8aO994u0sz8c1JBH9DE_kG5I0oR3KoVEeMFTE7l7H4sHG7hTpbfyuRpRtPgKNyL2H1x-Z0HrXEvu71i__ZhOUzzT1LxRrItFZ2jaZOyyxMUTY0fkCSxyZOirkg.tN3NeJ_Uic9FNmDJrgj2HeIUyYbWHgMBOPFMupFLcsc&dib_tag=se&keywords=shoe&qid=1713180033&sr=8-19
Men's Sports Running Shoes Indus-251,3.7 out of 5 stars,4832,569.0,https://www.amazon.in/Lancer-White-Sports-Running-Indus-251/dp/B081LGL5QT/ref=sr_1_20?dib=eyJ2IjoiMSJ9.xhpK4VjWT4tWltNrYq_dCPgwSkx7570Bp8kd0XrtMnAYA9ftFZratPLY2IH4VyWn7UxxnzBeRFiT-FMZps6ub0gv4pqzifMzgBjaxFCHC36s884XbmLzCTV8WVwiKPu9FTvhoyc5x4bf3bihNPImD1KtCKxdZVkm2JOgy3h_Eh9mbjs3M8aO994u0sz8c1JBH9DE_kG5I0oR3KoVEeMFTE7l7H4sHG7hTpbfyuRpRtPgKNyL2H1x-Z0HrXEvu71i__ZhOUzzT1LxRrItFZ2jaZOyyxMUTY0fkCSxyZOirkg.tN3NeJ_Uic9FNmDJrgj2HeIUyYbWHgMBOPFMupFLcsc&dib_tag=se&keywords=shoe&qid=1713180033&sr=8-20
"Men's Everest-21 Sports Trekking & Hiking,Walking Hi-Neck Shoes with Rubber Outsole & Memory Foam Insole Lace-Up Shoes for Men's & Boy's",4.0 out of 5 stars,126,1299.0,https://www.amazon.in/ASIAN-Everest-21-High-Neck-Outsole-Lace-Up/dp/B0CKNKDV2G/ref=sr_1_21?dib=eyJ2IjoiMSJ9.xhpK4VjWT4tWltNrYq_dCPgwSkx7570Bp8kd0XrtMnAYA9ftFZratPLY2IH4VyWn7UxxnzBeRFiT-FMZps6ub0gv4pqzifMzgBjaxFCHC36s884XbmLzCTV8WVwiKPu9FTvhoyc5x4bf3bihNPImD1KtCKxdZVkm2JOgy3h_Eh9mbjs3M8aO994u0sz8c1JBH9DE_kG5I0oR3KoVEeMFTE7l7H4sHG7hTpbfyuRpRtPgKNyL2H1x-Z0HrXEvu71i__ZhOUzzT1LxRrItFZ2jaZOyyxMUTY0fkCSxyZOirkg.tN3NeJ_Uic9FNmDJrgj2HeIUyYbWHgMBOPFMupFLcsc&dib_tag=se&keywords=shoe&qid=1713180033&sr=8-21
Men's SLAKE Running Shoes,3.4 out of 5 stars,9,1119.0,https://www.amazon.in/Campus-SLAKE-L-Gry-Running-Shoes/dp/B0CV3CX63Z/ref=sr_1_22?dib=eyJ2IjoiMSJ9.xhpK4VjWT4tWltNrYq_dCPgwSkx7570Bp8kd0XrtMnAYA9ftFZratPLY2IH4VyWn7UxxnzBeRFiT-FMZps6ub0gv4pqzifMzgBjaxFCHC36s884XbmLzCTV8WVwiKPu9FTvhoyc5x4bf3bihNPImD1KtCKxdZVkm2JOgy3h_Eh9mbjs3M8aO994u0sz8c1JBH9DE_kG5I0oR3KoVEeMFTE7l7H4sHG7hTpbfyuRpRtPgKNyL2H1x-Z0HrXEvu71i__ZhOUzzT1LxRrItFZ2jaZOyyxMUTY0fkCSxyZOirkg.tN3NeJ_Uic9FNmDJrgj2HeIUyYbWHgMBOPFMupFLcsc&dib_tag=se&keywords=shoe&qid=1713180033&sr=8-22
"Casual Sneaker Shoes for Men | Soft Cushioned Insole, Slip-Resistance, Dynamic Feet Support, Arch Support & Shock Absorption",4.1 out of 5 stars,357,1119.0,https://www.amazon.in/Red-Tape-Comfortable-Breathable-Absorbant/dp/B0CGD8HGCJ/ref=sr_1_23?dib=eyJ2IjoiMSJ9.xhpK4VjWT4tWltNrYq_dCPgwSkx7570Bp8kd0XrtMnAYA9ftFZratPLY2IH4VyWn7UxxnzBeRFiT-FMZps6ub0gv4pqzifMzgBjaxFCHC36s884XbmLzCTV8WVwiKPu9FTvhoyc5x4bf3bihNPImD1KtCKxdZVkm2JOgy3h_Eh9mbjs3M8aO994u0sz8c1JBH9DE_kG5I0oR3KoVEeMFTE7l7H4sHG7hTpbfyuRpRtPgKNyL2H1x-Z0HrXEvu71i__ZhOUzzT1LxRrItFZ2jaZOyyxMUTY0fkCSxyZOirkg.tN3NeJ_Uic9FNmDJrgj2HeIUyYbWHgMBOPFMupFLcsc&dib_tag=se&keywords=shoe&qid=1713180033&sr=8-23
Mens Sd0734g Sneaker,4.1 out of 5 stars,3195,699.0,https://www.amazon.in/Sparx-Mens-White-Sneaker-SD0734G/dp/B09PVGTFV4/ref=sr_1_24?dib=eyJ2IjoiMSJ9.xhpK4VjWT4tWltNrYq_dCPgwSkx7570Bp8kd0XrtMnAYA9ftFZratPLY2IH4VyWn7UxxnzBeRFiT-FMZps6ub0gv4pqzifMzgBjaxFCHC36s884XbmLzCTV8WVwiKPu9FTvhoyc5x4bf3bihNPImD1KtCKxdZVkm2JOgy3h_Eh9mbjs3M8aO994u0sz8c1JBH9DE_kG5I0oR3KoVEeMFTE7l7H4sHG7hTpbfyuRpRtPgKNyL2H1x-Z0HrXEvu71i__ZhOUzzT1LxRrItFZ2jaZOyyxMUTY0fkCSxyZOirkg.tN3NeJ_Uic9FNmDJrgj2HeIUyYbWHgMBOPFMupFLcsc&dib_tag=se&keywords=shoe&qid=1713180033&sr=8-24
Men's Essential Your Everyday All Purpose Walking Running Casual Shoes,3.9 out of 5 stars,229,1149.0,https://www.amazon.in/Bacca-Bucci-Essential-Everyday-Purpose/dp/B0CWD4T5T7/ref=sr_1_25?dib=eyJ2IjoiMSJ9.xhpK4VjWT4tWltNrYq_dCPgwSkx7570Bp8kd0XrtMnAYA9ftFZratPLY2IH4VyWn7UxxnzBeRFiT-FMZps6ub0gv4pqzifMzgBjaxFCHC36s884XbmLzCTV8WVwiKPu9FTvhoyc5x4bf3bihNPImD1KtCKxdZVkm2JOgy3h_Eh9mbjs3M8aO994u0sz8c1JBH9DE_kG5I0oR3KoVEeMFTE7l7H4sHG7hTpbfyuRpRtPgKNyL2H1x-Z0HrXEvu71i__ZhOUzzT1LxRrItFZ2jaZOyyxMUTY0fkCSxyZOirkg.tN3NeJ_Uic9FNmDJrgj2HeIUyYbWHgMBOPFMupFLcsc&dib_tag=se&keywords=shoe&qid=1713180033&sr=8-25
Leap7X SCHLPRO-3 Kids' Velcro School Shoes for Daily Use and Long-Lasting Durability,4.8 out of 5 stars,10,824.0,https://www.amazon.in/Liberty-LEAP7X-SCHLPRO-3-Velcro-Durability/dp/B0CX55FFPJ/ref=sr_1_27?dib=eyJ2IjoiMSJ9.xhpK4VjWT4tWltNrYq_dCPgwSkx7570Bp8kd0XrtMnAYA9ftFZratPLY2IH4VyWn7UxxnzBeRFiT-FMZps6ub0gv4pqzifMzgBjaxFCHC36s884XbmLzCTV8WVwiKPu9FTvhoyc5x4bf3bihNPImD1KtCKxdZVkm2JOgy3h_Eh9mbjs3M8aO994u0sz8c1JBH9DE_kG5I0oR3KoVEeMFTE7l7H4sHG7hTpbfyuRpRtPgKNyL2H1x-Z0HrXEvu71i__ZhOUzzT1LxRrItFZ2jaZOyyxMUTY0fkCSxyZOirkg.tN3NeJ_Uic9FNmDJrgj2HeIUyYbWHgMBOPFMupFLcsc&dib_tag=se&keywords=shoe&qid=1713180033&sr=8-27
Premium High Top Comfortable Synthetic Leather Casual Sneakers Shoes,3.2 out of 5 stars,24,429.0,https://www.amazon.in/Birde-Black-Leather-Running-Shoes/dp/B0CC94BKJS/ref=sr_1_28?dib=eyJ2IjoiMSJ9.xhpK4VjWT4tWltNrYq_dCPgwSkx7570Bp8kd0XrtMnAYA9ftFZratPLY2IH4VyWn7UxxnzBeRFiT-FMZps6ub0gv4pqzifMzgBjaxFCHC36s884XbmLzCTV8WVwiKPu9FTvhoyc5x4bf3bihNPImD1KtCKxdZVkm2JOgy3h_Eh9mbjs3M8aO994u0sz8c1JBH9DE_kG5I0oR3KoVEeMFTE7l7H4sHG7hTpbfyuRpRtPgKNyL2H1x-Z0HrXEvu71i__ZhOUzzT1LxRrItFZ2jaZOyyxMUTY0fkCSxyZOirkg.tN3NeJ_Uic9FNmDJrgj2HeIUyYbWHgMBOPFMupFLcsc&dib_tag=se&keywords=shoe&qid=1713180033&sr=8-28
Mens Sx0680gSneaker,4.0 out of 5 stars,2178,1049.0,https://www.amazon.in/Sparx-Mens-Running-Shoe-9-SX0680G/dp/B098B8YCZ2/ref=sr_1_29?dib=eyJ2IjoiMSJ9.xhpK4VjWT4tWltNrYq_dCPgwSkx7570Bp8kd0XrtMnAYA9ftFZratPLY2IH4VyWn7UxxnzBeRFiT-FMZps6ub0gv4pqzifMzgBjaxFCHC36s884XbmLzCTV8WVwiKPu9FTvhoyc5x4bf3bihNPImD1KtCKxdZVkm2JOgy3h_Eh9mbjs3M8aO994u0sz8c1JBH9DE_kG5I0oR3KoVEeMFTE7l7H4sHG7hTpbfyuRpRtPgKNyL2H1x-Z0HrXEvu71i__ZhOUzzT1LxRrItFZ2jaZOyyxMUTY0fkCSxyZOirkg.tN3NeJ_Uic9FNmDJrgj2HeIUyYbWHgMBOPFMupFLcsc&dib_tag=se&keywords=shoe&qid=1713180033&sr=8-29
Men's CATO Walking Shoes,4.0 out of 5 stars,438,549.0,https://www.amazon.in/Campus-D-Gry-F-GRN-Running-Shoes/dp/B0C4T1LJ1F/ref=sr_1_30?dib=eyJ2IjoiMSJ9.xhpK4VjWT4tWltNrYq_dCPgwSkx7570Bp8kd0XrtMnAYA9ftFZratPLY2IH4VyWn7UxxnzBeRFiT-FMZps6ub0gv4pqzifMzgBjaxFCHC36s884XbmLzCTV8WVwiKPu9FTvhoyc5x4bf3bihNPImD1KtCKxdZVkm2JOgy3h_Eh9mbjs3M8aO994u0sz8c1JBH9DE_kG5I0oR3KoVEeMFTE7l7H4sHG7hTpbfyuRpRtPgKNyL2H1x-Z0HrXEvu71i__ZhOUzzT1LxRrItFZ2jaZOyyxMUTY0fkCSxyZOirkg.tN3NeJ_Uic9FNmDJrgj2HeIUyYbWHgMBOPFMupFLcsc&dib_tag=se&keywords=shoe&qid=1713180033&sr=8-30
Men's Dunk Running Shoes,3.5 out of 5 stars,18,1189.0,https://www.amazon.in/Campus-Mens-F-ORG-Running-Shoes/dp/B0CV3DCB8Q/ref=sr_1_31?dib=eyJ2IjoiMSJ9.xhpK4VjWT4tWltNrYq_dCPgwSkx7570Bp8kd0XrtMnAYA9ftFZratPLY2IH4VyWn7UxxnzBeRFiT-FMZps6ub0gv4pqzifMzgBjaxFCHC36s884XbmLzCTV8WVwiKPu9FTvhoyc5x4bf3bihNPImD1KtCKxdZVkm2JOgy3h_Eh9mbjs3M8aO994u0sz8c1JBH9DE_kG5I0oR3KoVEeMFTE7l7H4sHG7hTpbfyuRpRtPgKNyL2H1x-Z0HrXEvu71i__ZhOUzzT1LxRrItFZ2jaZOyyxMUTY0fkCSxyZOirkg.tN3NeJ_Uic9FNmDJrgj2HeIUyYbWHgMBOPFMupFLcsc&dib_tag=se&keywords=shoe&qid=1713180033&sr=8-31
Men's Shoes Captoe Style Comfortable Laceups for Men (RGCT),4.3 out of 5 stars,41,1399.0,https://www.amazon.in/LOUIS-STITCH-Rosewood-Comfortable-Size-9UK/dp/B0CN3K23TZ/ref=sr_1_32?dib=eyJ2IjoiMSJ9.xhpK4VjWT4tWltNrYq_dCPgwSkx7570Bp8kd0XrtMnAYA9ftFZratPLY2IH4VyWn7UxxnzBeRFiT-FMZps6ub0gv4pqzifMzgBjaxFCHC36s884XbmLzCTV8WVwiKPu9FTvhoyc5x4bf3bihNPImD1KtCKxdZVkm2JOgy3h_Eh9mbjs3M8aO994u0sz8c1JBH9DE_kG5I0oR3KoVEeMFTE7l7H4sHG7hTpbfyuRpRtPgKNyL2H1x-Z0HrXEvu71i__ZhOUzzT1LxRrItFZ2jaZOyyxMUTY0fkCSxyZOirkg.tN3NeJ_Uic9FNmDJrgj2HeIUyYbWHgMBOPFMupFLcsc&dib_tag=se&keywords=shoe&qid=1713180033&sr=8-32
Men's Dragon Running Shoes,3.8 out of 5 stars,3648,1199.0,https://www.amazon.in/Campus-Dragon-Mens-Running-Shoes/dp/B07SSXCTXH/ref=sr_1_33?dib=eyJ2IjoiMSJ9.xhpK4VjWT4tWltNrYq_dCPgwSkx7570Bp8kd0XrtMnAYA9ftFZratPLY2IH4VyWn7UxxnzBeRFiT-FMZps6ub0gv4pqzifMzgBjaxFCHC36s884XbmLzCTV8WVwiKPu9FTvhoyc5x4bf3bihNPImD1KtCKxdZVkm2JOgy3h_Eh9mbjs3M8aO994u0sz8c1JBH9DE_kG5I0oR3KoVEeMFTE7l7H4sHG7hTpbfyuRpRtPgKNyL2H1x-Z0HrXEvu71i__ZhOUzzT1LxRrItFZ2jaZOyyxMUTY0fkCSxyZOirkg.tN3NeJ_Uic9FNmDJrgj2HeIUyYbWHgMBOPFMupFLcsc&dib_tag=se&keywords=shoe&qid=1713180033&sr=8-33
Premium Comfortable Casual White Sneakers Shoes for Men,3.6 out of 5 stars,82,340.0,https://www.amazon.in/Birde-Premium-Comfortable-Sneakers-Shoes_Brd-1050_9/dp/B0CF21BRX9/ref=sr_1_34?dib=eyJ2IjoiMSJ9.xhpK4VjWT4tWltNrYq_dCPgwSkx7570Bp8kd0XrtMnAYA9ftFZratPLY2IH4VyWn7UxxnzBeRFiT-FMZps6ub0gv4pqzifMzgBjaxFCHC36s884XbmLzCTV8WVwiKPu9FTvhoyc5x4bf3bihNPImD1KtCKxdZVkm2JOgy3h_Eh9mbjs3M8aO994u0sz8c1JBH9DE_kG5I0oR3KoVEeMFTE7l7H4sHG7hTpbfyuRpRtPgKNyL2H1x-Z0HrXEvu71i__ZhOUzzT1LxRrItFZ2jaZOyyxMUTY0fkCSxyZOirkg.tN3NeJ_Uic9FNmDJrgj2HeIUyYbWHgMBOPFMupFLcsc&dib_tag=se&keywords=shoe&qid=1713180033&sr=8-34
"Men's Thar-01 Sports Running,Walking & Gym Shoes with Eva Sole Extra Jump Casual Sneaker Shoes for Men's & Boy's",3.8 out of 5 stars,4876,661.0,https://www.amazon.in/ASIAN-Thar-01-Running-Walking-Sneaker/dp/B0BBB8KRF9/ref=sr_1_35?dib=eyJ2IjoiMSJ9.xhpK4VjWT4tWltNrYq_dCPgwSkx7570Bp8kd0XrtMnAYA9ftFZratPLY2IH4VyWn7UxxnzBeRFiT-FMZps6ub0gv4pqzifMzgBjaxFCHC36s884XbmLzCTV8WVwiKPu9FTvhoyc5x4bf3bihNPImD1KtCKxdZVkm2JOgy3h_Eh9mbjs3M8aO994u0sz8c1JBH9DE_kG5I0oR3KoVEeMFTE7l7H4sHG7hTpbfyuRpRtPgKNyL2H1x-Z0HrXEvu71i__ZhOUzzT1LxRrItFZ2jaZOyyxMUTY0fkCSxyZOirkg.tN3NeJ_Uic9FNmDJrgj2HeIUyYbWHgMBOPFMupFLcsc&dib_tag=se&keywords=shoe&qid=1713180033&sr=8-35
Mens Sx0727gRunning Shoe,3.9 out of 5 stars,78,799.0,https://www.amazon.in/Sparx-Mens-SX0727G-Blackneonorange-Running/dp/B0B5F6BM82/ref=sr_1_38?dib=eyJ2IjoiMSJ9.xhpK4VjWT4tWltNrYq_dCPgwSkx7570Bp8kd0XrtMnAYA9ftFZratPLY2IH4VyWn7UxxnzBeRFiT-FMZps6ub0gv4pqzifMzgBjaxFCHC36s884XbmLzCTV8WVwiKPu9FTvhoyc5x4bf3bihNPImD1KtCKxdZVkm2JOgy3h_Eh9mbjs3M8aO994u0sz8c1JBH9DE_kG5I0oR3KoVEeMFTE7l7H4sHG7hTpbfyuRpRtPgKNyL2H1x-Z0HrXEvu71i__ZhOUzzT1LxRrItFZ2jaZOyyxMUTY0fkCSxyZOirkg.tN3NeJ_Uic9FNmDJrgj2HeIUyYbWHgMBOPFMupFLcsc&dib_tag=se&keywords=shoe&qid=1713180033&sr=8-38
Barefoot Shoe for Men,4.3 out of 5 stars,245,899.0,https://www.amazon.in/Impakto-Black-Barefoot-Shoes-AS3143/dp/B0CLGMQ57G/ref=sr_1_39?dib=eyJ2IjoiMSJ9.xhpK4VjWT4tWltNrYq_dCPgwSkx7570Bp8kd0XrtMnAYA9ftFZratPLY2IH4VyWn7UxxnzBeRFiT-FMZps6ub0gv4pqzifMzgBjaxFCHC36s884XbmLzCTV8WVwiKPu9FTvhoyc5x4bf3bihNPImD1KtCKxdZVkm2JOgy3h_Eh9mbjs3M8aO994u0sz8c1JBH9DE_kG5I0oR3KoVEeMFTE7l7H4sHG7hTpbfyuRpRtPgKNyL2H1x-Z0HrXEvu71i__ZhOUzzT1LxRrItFZ2jaZOyyxMUTY0fkCSxyZOirkg.tN3NeJ_Uic9FNmDJrgj2HeIUyYbWHgMBOPFMupFLcsc&dib_tag=se&keywords=shoe&qid=1713180033&sr=8-39
Mens Sc0728gCasual Shoe,3.9 out of 5 stars,500,799.0,https://www.amazon.in/Sparx-Mens-SC0728G-Blackhoney-Casual/dp/B09N6VR16K/ref=sr_1_41?dib=eyJ2IjoiMSJ9.xhpK4VjWT4tWltNrYq_dCPgwSkx7570Bp8kd0XrtMnAYA9ftFZratPLY2IH4VyWn7UxxnzBeRFiT-FMZps6ub0gv4pqzifMzgBjaxFCHC36s884XbmLzCTV8WVwiKPu9FTvhoyc5x4bf3bihNPImD1KtCKxdZVkm2JOgy3h_Eh9mbjs3M8aO994u0sz8c1JBH9DE_kG5I0oR3KoVEeMFTE7l7H4sHG7hTpbfyuRpRtPgKNyL2H1x-Z0HrXEvu71i__ZhOUzzT1LxRrItFZ2jaZOyyxMUTY0fkCSxyZOirkg.tN3NeJ_Uic9FNmDJrgj2HeIUyYbWHgMBOPFMupFLcsc&dib_tag=se&keywords=shoe&qid=1713180033&sr=8-41
"OG-14 Sneakers for Men | Stylish & Comfortable Casual Shoes | Cushioned Yoga Max Insole, Anti-Skid Outsole for Traction and Water-Resistant Upper",3.8 out of 5 stars,17,1559.0,https://www.amazon.in/Campus-Comfortable-Cushioned-Anti-Skid-Water-Resistant/dp/B0CMD5XHPR/ref=sr_1_42?dib=eyJ2IjoiMSJ9.xhpK4VjWT4tWltNrYq_dCPgwSkx7570Bp8kd0XrtMnAYA9ftFZratPLY2IH4VyWn7UxxnzBeRFiT-FMZps6ub0gv4pqzifMzgBjaxFCHC36s884XbmLzCTV8WVwiKPu9FTvhoyc5x4bf3bihNPImD1KtCKxdZVkm2JOgy3h_Eh9mbjs3M8aO994u0sz8c1JBH9DE_kG5I0oR3KoVEeMFTE7l7H4sHG7hTpbfyuRpRtPgKNyL2H1x-Z0HrXEvu71i__ZhOUzzT1LxRrItFZ2jaZOyyxMUTY0fkCSxyZOirkg.tN3NeJ_Uic9FNmDJrgj2HeIUyYbWHgMBOPFMupFLcsc&dib_tag=se&keywords=shoe&qid=1713180033&sr=8-42
Men's Conor Running Shoes,4.0 out of 5 stars,2,809.0,https://www.amazon.in/Campus-Conor-L-Gry-MEHROON-Running/dp/B0CV5MV28V/ref=sr_1_43?dib=eyJ2IjoiMSJ9.xhpK4VjWT4tWltNrYq_dCPgwSkx7570Bp8kd0XrtMnAYA9ftFZratPLY2IH4VyWn7UxxnzBeRFiT-FMZps6ub0gv4pqzifMzgBjaxFCHC36s884XbmLzCTV8WVwiKPu9FTvhoyc5x4bf3bihNPImD1KtCKxdZVkm2JOgy3h_Eh9mbjs3M8aO994u0sz8c1JBH9DE_kG5I0oR3KoVEeMFTE7l7H4sHG7hTpbfyuRpRtPgKNyL2H1x-Z0HrXEvu71i__ZhOUzzT1LxRrItFZ2jaZOyyxMUTY0fkCSxyZOirkg.tN3NeJ_Uic9FNmDJrgj2HeIUyYbWHgMBOPFMupFLcsc&dib_tag=se&keywords=shoe&qid=1713180033&sr=8-43
Boys Gola-schvSchool Uniform Shoe,3.7 out of 5 stars,1120,541.0,https://www.amazon.in/Liberty-Force-Gola-SCHV-School-Lacing/dp/B0BYVTZH3Y/ref=sr_1_44?dib=eyJ2IjoiMSJ9.xhpK4VjWT4tWltNrYq_dCPgwSkx7570Bp8kd0XrtMnAYA9ftFZratPLY2IH4VyWn7UxxnzBeRFiT-FMZps6ub0gv4pqzifMzgBjaxFCHC36s884XbmLzCTV8WVwiKPu9FTvhoyc5x4bf3bihNPImD1KtCKxdZVkm2JOgy3h_Eh9mbjs3M8aO994u0sz8c1JBH9DE_kG5I0oR3KoVEeMFTE7l7H4sHG7hTpbfyuRpRtPgKNyL2H1x-Z0HrXEvu71i__ZhOUzzT1LxRrItFZ2jaZOyyxMUTY0fkCSxyZOirkg.tN3NeJ_Uic9FNmDJrgj2HeIUyYbWHgMBOPFMupFLcsc&dib_tag=se&keywords=shoe&qid=1713180033&sr=8-44
Men's Lucius Running Shoes,4.0 out of 5 stars,21,799.0,https://www.amazon.in/Campus-Lucius-Running-L-Gry-R-Slate/dp/B0C3LPBSLY/ref=sr_1_45?dib=eyJ2IjoiMSJ9.xhpK4VjWT4tWltNrYq_dCPgwSkx7570Bp8kd0XrtMnAYA9ftFZratPLY2IH4VyWn7UxxnzBeRFiT-FMZps6ub0gv4pqzifMzgBjaxFCHC36s884XbmLzCTV8WVwiKPu9FTvhoyc5x4bf3bihNPImD1KtCKxdZVkm2JOgy3h_Eh9mbjs3M8aO994u0sz8c1JBH9DE_kG5I0oR3KoVEeMFTE7l7H4sHG7hTpbfyuRpRtPgKNyL2H1x-Z0HrXEvu71i__ZhOUzzT1LxRrItFZ2jaZOyyxMUTY0fkCSxyZOirkg.tN3NeJ_Uic9FNmDJrgj2HeIUyYbWHgMBOPFMupFLcsc&dib_tag=se&keywords=shoe&qid=1713180033&sr=8-45
Mens Extreme Leather Casual Shoes,4.0 out of 5 stars,4055,1199.0,https://www.amazon.in/Power-Extreme-Leather-Sneaker-8338894/dp/B097C4W4H3/ref=sr_1_46?dib=eyJ2IjoiMSJ9.xhpK4VjWT4tWltNrYq_dCPgwSkx7570Bp8kd0XrtMnAYA9ftFZratPLY2IH4VyWn7UxxnzBeRFiT-FMZps6ub0gv4pqzifMzgBjaxFCHC36s884XbmLzCTV8WVwiKPu9FTvhoyc5x4bf3bihNPImD1KtCKxdZVkm2JOgy3h_Eh9mbjs3M8aO994u0sz8c1JBH9DE_kG5I0oR3KoVEeMFTE7l7H4sHG7hTpbfyuRpRtPgKNyL2H1x-Z0HrXEvu71i__ZhOUzzT1LxRrItFZ2jaZOyyxMUTY0fkCSxyZOirkg.tN3NeJ_Uic9FNmDJrgj2HeIUyYbWHgMBOPFMupFLcsc&dib_tag=se&keywords=shoe&qid=1713180033&sr=8-46
Men's Hurricane Running Shoes,4.0 out of 5 stars,3251,937.0,https://www.amazon.in/Campus-Hurricane-BTGRN-BLK-Running-Shoes/dp/B09HCHRKTS/ref=sr_1_48?dib=eyJ2IjoiMSJ9.xhpK4VjWT4tWltNrYq_dCPgwSkx7570Bp8kd0XrtMnAYA9ftFZratPLY2IH4VyWn7UxxnzBeRFiT-FMZps6ub0gv4pqzifMzgBjaxFCHC36s884XbmLzCTV8WVwiKPu9FTvhoyc5x4bf3bihNPImD1KtCKxdZVkm2JOgy3h_Eh9mbjs3M8aO994u0sz8c1JBH9DE_kG5I0oR3KoVEeMFTE7l7H4sHG7hTpbfyuRpRtPgKNyL2H1x-Z0HrXEvu71i__ZhOUzzT1LxRrItFZ2jaZOyyxMUTY0fkCSxyZOirkg.tN3NeJ_Uic9FNmDJrgj2HeIUyYbWHgMBOPFMupFLcsc&dib_tag=se&keywords=shoe&qid=1713180033&sr=8-48
